filename,file_size,file_attributes,region_count,region_id,region_shape_attributes,region_attributes
0084a.png,6292222,"{}",1,0,"{""name"":""rect"",""x"":1215,""y"":130,""width"":609,""height"":2810}","{""name"":""knife""}"
0084b.png,6681077,"{}",1,0,"{""name"":""rect"",""x"":1189,""y"":134,""width"":451,""height"":2668}","{""name"":""knife""}"
0085a.png,4932331,"{}",1,0,"{""name"":""rect"",""x"":712,""y"":239,""width"":1284,""height"":1889}","{""name"":""knife""}"
0085b.png,5205370,"{}",1,0,"{""name"":""rect"",""x"":623,""y"":250,""width"":1301,""height"":1845}","{""name"":""knife""}"
0086a.png,3289839,"{}",1,0,"{""name"":""rect"",""x"":664,""y"":529,""width"":1592,""height"":332}","{""name"":""knife""}"
0086b.png,3161524,"{}",1,0,"{""name"":""rect"",""x"":484,""y"":458,""width"":1529,""height"":462}","{""name"":""knife""}"
0087a.png,3938845,"{}",0,0,"{}","{}"
0087b.png,4847928,"{}",1,0,"{""name"":""rect"",""x"":724,""y"":243,""width"":1494,""height"":1641}","{""name"":""knife""}"
0088a.png,6542692,"{}",1,0,"{""name"":""rect"",""x"":1159,""y"":163,""width"":454,""height"":2578}","{""name"":""knife""}"
0088b.png,6861667,"{}",1,0,"{""name"":""rect"",""x"":1193,""y"":160,""width"":405,""height"":2636}","{""name"":""knife""}"
0089a.png,4834354,"{}",1,0,"{""name"":""rect"",""x"":806,""y"":211,""width"":1330,""height"":1798}","{""name"":""knife""}"
0089b.png,4416838,"{}",1,0,"{""name"":""rect"",""x"":691,""y"":221,""width"":1252,""height"":1762}","{""name"":""knife""}"
0090a.png,3924149,"{}",1,0,"{""name"":""rect"",""x"":669,""y"":703,""width"":1529,""height"":395}","{""name"":""knife""}"
0090b.png,3415692,"{}",1,0,"{""name"":""rect"",""x"":522,""y"":715,""width"":1491,""height"":350}","{""name"":""knife""}"
0091a.png,3996070,"{}",1,0,"{""name"":""rect"",""x"":776,""y"":224,""width"":1325,""height"":1439}","{""name"":""knife""}"
0091b.png,4038728,"{}",1,0,"{""name"":""rect"",""x"":705,""y"":201,""width"":1360,""height"":1497}","{""name"":""knife""}"
0092a.png,7147918,"{}",1,0,"{""name"":""rect"",""x"":824,""y"":153,""width"":522,""height"":2642}","{""name"":""knife""}"
0092b.png,5685154,"{}",1,0,"{""name"":""rect"",""x"":542,""y"":150,""width"":576,""height"":2631}","{""name"":""knife""}"
0093a.png,4599426,"{}",1,0,"{""name"":""rect"",""x"":941,""y"":228,""width"":1215,""height"":1624}","{""name"":""knife""}"
0093b.png,4882319,"{}",1,0,"{""name"":""rect"",""x"":796,""y"":180,""width"":1319,""height"":1700}","{""name"":""knife""}"
0094a.png,2988725,"{}",1,0,"{""name"":""rect"",""x"":685,""y"":539,""width"":1525,""height"":351}","{""name"":""knife""}"
0094b.png,2990501,"{}",1,0,"{""name"":""rect"",""x"":669,""y"":569,""width"":1524,""height"":329}","{""name"":""knife""}"
0095a.png,3912507,"{}",1,0,"{""name"":""rect"",""x"":729,""y"":165,""width"":1328,""height"":1573}","{""name"":""knife""}"
0095b.png,4538350,"{}",1,0,"{""name"":""rect"",""x"":970,""y"":96,""width"":1385,""height"":1576}","{""name"":""knife""}"
0096a.png,6296287,"{}",1,0,"{""name"":""rect"",""x"":1229,""y"":33,""width"":447,""height"":2710}","{""name"":""knife""}"
0096b.png,6470382,"{}",1,0,"{""name"":""rect"",""x"":1121,""y"":93,""width"":535,""height"":2708}","{""name"":""knife""}"
0097a.png,5368529,"{}",1,0,"{""name"":""rect"",""x"":813,""y"":356,""width"":1348,""height"":1714}","{""name"":""knife""}"
0097b.png,5575001,"{}",1,0,"{""name"":""rect"",""x"":721,""y"":381,""width"":1265,""height"":1639}","{""name"":""knife""}"
0098a.png,4892316,"{}",2,0,"{""name"":""rect"",""x"":1004,""y"":783,""width"":798,""height"":328}","{""name"":""scissors""}"
0098a.png,4892316,"{}",2,1,"{""name"":""rect"",""x"":769,""y"":1256,""width"":913,""height"":260}","{""name"":""knife""}"
0098b.png,5349009,"{}",2,0,"{""name"":""rect"",""x"":979,""y"":712,""width"":799,""height"":396}","{""name"":""knife""}"
0098b.png,5349009,"{}",2,1,"{""name"":""rect"",""x"":756,""y"":1231,""width"":910,""height"":273}","{""name"":""knife""}"
0099a.png,5098420,"{}",2,0,"{""name"":""rect"",""x"":1548,""y"":609,""width"":223,""height"":1074}","{""name"":""knife""}"
0099a.png,5098420,"{}",2,1,"{""name"":""rect"",""x"":1200,""y"":845,""width"":301,""height"":879}","{""name"":""scissors""}"
0099b.png,4039818,"{}",2,0,"{""name"":""rect"",""x"":1220,""y"":630,""width"":187,""height"":1027}","{""name"":""knife""}"
0099b.png,4039818,"{}",2,1,"{""name"":""rect"",""x"":813,""y"":859,""width"":386,""height"":901}","{""name"":""scissors""}"
0100a.png,6331302,"{}",2,0,"{""name"":""rect"",""x"":674,""y"":466,""width"":966,""height"":355}","{""name"":""knife""}"
0100a.png,6331302,"{}",2,1,"{""name"":""rect"",""x"":545,""y"":1561,""width"":700,""height"":528}","{""name"":""scissors""}"
0100b.png,6869489,"{}",2,0,"{""name"":""rect"",""x"":427,""y"":1614,""width"":666,""height"":493}","{""name"":""scissors""}"
0100b.png,6869489,"{}",2,1,"{""name"":""rect"",""x"":610,""y"":540,""width"":901,""height"":216}","{""name"":""knife""}"
0101a.png,4911475,"{}",2,0,"{""name"":""rect"",""x"":623,""y"":523,""width"":371,""height"":975}","{""name"":""knife""}"
0101a.png,4911475,"{}",2,1,"{""name"":""rect"",""x"":1597,""y"":358,""width"":307,""height"":723}","{""name"":""scissors""}"
0101b.png,4736351,"{}",2,0,"{""name"":""rect"",""x"":481,""y"":491,""width"":291,""height"":953}","{""name"":""knife""}"
0101b.png,4736351,"{}",2,1,"{""name"":""rect"",""x"":1453,""y"":361,""width"":323,""height"":703}","{""name"":""scissors""}"
0102a.png,6477026,"{}",6,0,"{""name"":""rect"",""x"":633,""y"":288,""width"":1000,""height"":671}","{""name"":""knife""}"
0102a.png,6477026,"{}",6,1,"{""name"":""rect"",""x"":678,""y"":850,""width"":206,""height"":809}","{""name"":""knife""}"
0102a.png,6477026,"{}",6,2,"{""name"":""rect"",""x"":1109,""y"":892,""width"":659,""height"":723}","{""name"":""knife""}"
0102a.png,6477026,"{}",6,3,"{""name"":""rect"",""x"":686,""y"":1529,""width"":1030,""height"":300}","{""name"":""knife""}"
0102a.png,6477026,"{}",6,4,"{""name"":""rect"",""x"":1218,""y"":1750,""width"":558,""height"":513}","{""name"":""scissors""}"
0102a.png,6477026,"{}",6,5,"{""name"":""rect"",""x"":850,""y"":363,""width"":423,""height"":547}","{""name"":""scissors""}"
0102b.png,6713345,"{}",6,0,"{""name"":""rect"",""x"":528,""y"":820,""width"":285,""height"":779}","{""name"":""knife""}"
0102b.png,6713345,"{}",6,1,"{""name"":""rect"",""x"":562,""y"":311,""width"":1109,""height"":622}","{""name"":""knife""}"
0102b.png,6713345,"{}",6,2,"{""name"":""rect"",""x"":1105,""y"":884,""width"":757,""height"":656}","{""name"":""knife""}"
0102b.png,6713345,"{}",6,3,"{""name"":""rect"",""x"":577,""y"":1514,""width"":1161,""height"":300}","{""name"":""knife""}"
0102b.png,6713345,"{}",6,4,"{""name"":""rect"",""x"":1158,""y"":1708,""width"":678,""height"":465}","{""name"":""scissors""}"
0102b.png,6713345,"{}",6,5,"{""name"":""rect"",""x"":734,""y"":390,""width"":442,""height"":498}","{""name"":""scissors""}"
0103a.png,6275751,"{}",1,0,"{""name"":""rect"",""x"":682,""y"":787,""width"":337,""height"":940}","{""name"":""knife""}"
0103b.png,6651424,"{}",1,0,"{""name"":""rect"",""x"":682,""y"":749,""width"":191,""height"":944}","{""name"":""knife""}"
0104a.png,6409272,"{}",3,0,"{""name"":""rect"",""x"":839,""y"":835,""width"":731,""height"":524}","{""name"":""knife""}"
0104a.png,6409272,"{}",3,1,"{""name"":""rect"",""x"":832,""y"":1315,""width"":1071,""height"":682}","{""name"":""knife""}"
0104a.png,6409272,"{}",3,2,"{""name"":""rect"",""x"":858,""y"":341,""width"":495,""height"":495}","{""name"":""scissors""}"
0104b.png,6583747,"{}",3,0,"{""name"":""rect"",""x"":652,""y"":1229,""width"":1525,""height"":772}","{""name"":""knife""}"
0104b.png,6583747,"{}",3,1,"{""name"":""rect"",""x"":697,""y"":749,""width"":929,""height"":697}","{""name"":""knife""}"
0104b.png,6583747,"{}",3,2,"{""name"":""rect"",""x"":753,""y"":285,""width"":607,""height"":532}","{""name"":""scissors""}"
0105a.png,7646908,"{}",3,0,"{""name"":""rect"",""x"":715,""y"":534,""width"":1028,""height"":2320}","{""name"":""knife""}"
0105a.png,7646908,"{}",3,1,"{""name"":""rect"",""x"":1385,""y"":318,""width"":617,""height"":1151}","{""name"":""knife""}"
0105a.png,7646908,"{}",3,2,"{""name"":""rect"",""x"":1883,""y"":322,""width"":384,""height"":679}","{""name"":""scissors""}"
0105b.png,7651312,"{}",3,0,"{""name"":""rect"",""x"":634,""y"":564,""width"":932,""height"":2311}","{""name"":""knife""}"
0105b.png,7651312,"{}",3,1,"{""name"":""rect"",""x"":1258,""y"":447,""width"":634,""height"":1025}","{""name"":""knife""}"
0105b.png,7651312,"{}",3,2,"{""name"":""rect"",""x"":1822,""y"":349,""width"":317,""height"":629}","{""name"":""scissors""}"
0106a.png,6392312,"{}",2,0,"{""name"":""rect"",""x"":682,""y"":206,""width"":884,""height"":835}","{""name"":""scissors""}"
0106a.png,6392312,"{}",2,1,"{""name"":""rect"",""x"":1210,""y"":450,""width"":697,""height"":922}","{""name"":""knife""}"
0106b.png,6847177,"{}",2,0,"{""name"":""rect"",""x"":1203,""y"":435,""width"":783,""height"":884}","{""name"":""knife""}"
0106b.png,6847177,"{}",2,1,"{""name"":""rect"",""x"":708,""y"":225,""width"":858,""height"":674}","{""name"":""scissors""}"
0107a.png,6303783,"{}",2,0,"{""name"":""rect"",""x"":1259,""y"":809,""width"":790,""height"":839}","{""name"":""knife""}"
0107a.png,6303783,"{}",2,1,"{""name"":""rect"",""x"":1517,""y"":405,""width"":480,""height"":1068}","{""name"":""scissors""}"
0107b.png,6565073,"{}",2,0,"{""name"":""rect"",""x"":1293,""y"":753,""width"":888,""height"":858}","{""name"":""knife""}"
0107b.png,6565073,"{}",2,1,"{""name"":""rect"",""x"":1656,""y"":431,""width"":468,""height"":925}","{""name"":""scissors""}"
0108a.png,7734283,"{}",3,0,"{""name"":""rect"",""x"":714,""y"":338,""width"":426,""height"":1641}","{""name"":""knife""}"
0108a.png,7734283,"{}",3,1,"{""name"":""rect"",""x"":1108,""y"":964,""width"":663,""height"":1224}","{""name"":""knife""}"
0108a.png,7734283,"{}",3,2,"{""name"":""rect"",""x"":1636,""y"":538,""width"":468,""height"":1284}","{""name"":""knife""}"
0108b.png,6536251,"{}",3,0,"{""name"":""rect"",""x"":790,""y"":262,""width"":318,""height"":1304}","{""name"":""knife""}"
0108b.png,6536251,"{}",3,1,"{""name"":""rect"",""x"":1113,""y"":719,""width"":648,""height"":959}","{""name"":""knife""}"
0108b.png,6536251,"{}",3,2,"{""name"":""rect"",""x"":1671,""y"":427,""width"":453,""height"":1060}","{""name"":""knife""}"
0109a.png,6357705,"{}",4,0,"{""name"":""rect"",""x"":862,""y"":914,""width"":824,""height"":596}","{""name"":""knife""}"
0109a.png,6357705,"{}",4,1,"{""name"":""rect"",""x"":982,""y"":734,""width"":854,""height"":206}","{""name"":""knife""}"
0109a.png,6357705,"{}",4,2,"{""name"":""rect"",""x"":1810,""y"":858,""width"":247,""height"":948}","{""name"":""knife""}"
0109a.png,6357705,"{}",4,3,"{""name"":""rect"",""x"":1086,""y"":1570,""width"":712,""height"":652}","{""name"":""knife""}"
0109b.png,6701609,"{}",4,0,"{""name"":""rect"",""x"":963,""y"":686,""width"":877,""height"":236}","{""name"":""knife""}"
0109b.png,6701609,"{}",4,1,"{""name"":""rect"",""x"":1866,""y"":731,""width"":172,""height"":985}","{""name"":""knife""}"
0109b.png,6701609,"{}",4,2,"{""name"":""rect"",""x"":910,""y"":914,""width"":764,""height"":569}","{""name"":""knife""}"
0109b.png,6701609,"{}",4,3,"{""name"":""rect"",""x"":1120,""y"":1521,""width"":618,""height"":682}","{""name"":""knife""}"
0110a.png,6393403,"{}",6,0,"{""name"":""rect"",""x"":963,""y"":150,""width"":776,""height"":573}","{""name"":""scissors""}"
0110a.png,6393403,"{}",6,1,"{""name"":""rect"",""x"":1038,""y"":873,""width"":678,""height"":633}","{""name"":""knife""}"
0110a.png,6393403,"{}",6,2,"{""name"":""rect"",""x"":1071,""y"":663,""width"":828,""height"":154}","{""name"":""knife""}"
0110a.png,6393403,"{}",6,3,"{""name"":""rect"",""x"":1933,""y"":779,""width"":221,""height"":880}","{""name"":""knife""}"
0110a.png,6393403,"{}",6,4,"{""name"":""rect"",""x"":1161,""y"":1495,""width"":764,""height"":618}","{""name"":""knife""}"
0110a.png,6393403,"{}",6,5,"{""name"":""rect"",""x"":1765,""y"":1529,""width"":221,""height"":592}","{""name"":""scissors""}"
0110b.png,6754620,"{}",6,0,"{""name"":""rect"",""x"":1210,""y"":1461,""width"":749,""height"":674}","{""name"":""knife""}"
0110b.png,6754620,"{}",6,1,"{""name"":""rect"",""x"":959,""y"":847,""width"":802,""height"":701}","{""name"":""knife""}"
0110b.png,6754620,"{}",6,2,"{""name"":""rect"",""x"":982,""y"":599,""width"":989,""height"":341}","{""name"":""knife""}"
0110b.png,6754620,"{}",6,3,"{""name"":""rect"",""x"":2004,""y"":764,""width"":131,""height"":888}","{""name"":""knife""}"
0110b.png,6754620,"{}",6,4,"{""name"":""rect"",""x"":1806,""y"":1521,""width"":195,""height"":596}","{""name"":""scissors""}"
0110b.png,6754620,"{}",6,5,"{""name"":""rect"",""x"":944,""y"":165,""width"":809,""height"":524}","{""name"":""scissors""}"
0111a.png,6652026,"{}",2,0,"{""name"":""rect"",""x"":1101,""y"":1053,""width"":539,""height"":641}","{""name"":""scissors""}"
0111a.png,6652026,"{}",2,1,"{""name"":""rect"",""x"":1251,""y"":202,""width"":704,""height"":779}","{""name"":""knife""}"
0111b.png,6930066,"{}",2,0,"{""name"":""rect"",""x"":1053,""y"":1038,""width"":618,""height"":667}","{""name"":""scissors""}"
0111b.png,6930066,"{}",2,1,"{""name"":""rect"",""x"":1210,""y"":184,""width"":776,""height"":779}","{""name"":""knife""}"
0112a.png,6680427,"{}",3,0,"{""name"":""rect"",""x"":667,""y"":210,""width"":472,""height"":1139}","{""name"":""scissors""}"
0112a.png,6680427,"{}",3,1,"{""name"":""rect"",""x"":1390,""y"":629,""width"":423,""height"":824}","{""name"":""scissors""}"
0112a.png,6680427,"{}",3,2,"{""name"":""rect"",""x"":1581,""y"":161,""width"":210,""height"":1210}","{""name"":""knife""}"
0112b.png,6881625,"{}",3,0,"{""name"":""rect"",""x"":611,""y"":225,""width"":491,""height"":1120}","{""name"":""scissors""}"
0112b.png,6881625,"{}",3,1,"{""name"":""rect"",""x"":1409,""y"":584,""width"":382,""height"":787}","{""name"":""scissors""}"
0112b.png,6881625,"{}",3,2,"{""name"":""rect"",""x"":1611,""y"":195,""width"":236,""height"":1079}","{""name"":""knife""}"
0113a.png,6625843,"{}",3,0,"{""name"":""rect"",""x"":577,""y"":472,""width"":1045,""height"":187}","{""name"":""knife""}"
0113a.png,6625843,"{}",3,1,"{""name"":""rect"",""x"":517,""y"":1120,""width"":1068,""height"":461}","{""name"":""scissors""}"
0113a.png,6625843,"{}",3,2,"{""name"":""rect"",""x"":802,""y"":112,""width"":614,""height"":453}","{""name"":""scissors""}"
0113b.png,6834219,"{}",3,0,"{""name"":""rect"",""x"":596,""y"":1188,""width"":1101,""height"":543}","{""name"":""scissors""}"
0113b.png,6834219,"{}",3,1,"{""name"":""rect"",""x"":847,""y"":150,""width"":659,""height"":562}","{""name"":""scissors""}"
0113b.png,6834219,"{}",3,2,"{""name"":""rect"",""x"":577,""y"":543,""width"":1128,""height"":202}","{""name"":""knife""}"
0114a.png,6670787,"{}",3,0,"{""name"":""rect"",""x"":877,""y"":161,""width"":487,""height"":1023}","{""name"":""scissors""}"
0114a.png,6670787,"{}",3,1,"{""name"":""rect"",""x"":1506,""y"":41,""width"":236,""height"":1517}","{""name"":""knife""}"
0114a.png,6670787,"{}",3,2,"{""name"":""rect"",""x"":1480,""y"":566,""width"":386,""height"":663}","{""name"":""scissors""}"
0114b.png,6955166,"{}",3,0,"{""name"":""rect"",""x"":843,""y"":169,""width"":468,""height"":959}","{""name"":""kscissors""}"
0114b.png,6955166,"{}",3,1,"{""name"":""rect"",""x"":1517,""y"":30,""width"":232,""height"":1435}","{""name"":""knife""}"
0114b.png,6955166,"{}",3,2,"{""name"":""rect"",""x"":1446,""y"":524,""width"":465,""height"":704}","{""name"":""scissors""}"
0115a.png,6690854,"{}",1,0,"{""name"":""rect"",""x"":862,""y"":554,""width"":764,""height"":307}","{""name"":""knife""}"
0115b.png,6938368,"{}",1,0,"{""name"":""rect"",""x"":877,""y"":637,""width"":738,""height"":195}","{""name"":""knife""}"
0116a.png,6343330,"{}",2,0,"{""name"":""rect"",""x"":1353,""y"":1401,""width"":711,""height"":364}","{""name"":""knife""}"
0116a.png,6343330,"{}",2,1,"{""name"":""rect"",""x"":1409,""y"":1938,""width"":555,""height"":421}","{""name"":""scissors""}"
0116b.png,7476430,"{}",2,0,"{""name"":""rect"",""x"":1428,""y"":1454,""width"":727,""height"":325}","{""name"":""knife""}"
0116b.png,7476430,"{}",2,1,"{""name"":""rect"",""x"":1484,""y"":1978,""width"":563,""height"":333}","{""name"":""scissors""}"
0117a.png,5680355,"{}",2,0,"{""name"":""rect"",""x"":1048,""y"":253,""width"":388,""height"":801}","{""name"":""knife""}"
0117a.png,5680355,"{}",2,1,"{""name"":""rect"",""x"":1122,""y"":1118,""width"":585,""height"":552}","{""name"":""scissors""}"
0117b.png,6037184,"{}",2,0,"{""name"":""rect"",""x"":1022,""y"":238,""width"":364,""height"":765}","{""name"":""knife""}"
0117b.png,6037184,"{}",2,1,"{""name"":""rect"",""x"":1101,""y"":1109,""width"":547,""height"":555}","{""name"":""scissors""}"
0118a.png,5431875,"{}",2,0,"{""name"":""rect"",""x"":343,""y"":1090,""width"":576,""height"":545}","{""name"":""scissors""}"
0118a.png,5431875,"{}",2,1,"{""name"":""rect"",""x"":806,""y"":1370,""width"":712,""height"":249}","{""name"":""knife""}"
0118b.png,6098506,"{}",2,0,"{""name"":""rect"",""x"":338,""y"":1061,""width"":564,""height"":580}","{""name"":""scissors""}"
0118b.png,6098506,"{}",2,1,"{""name"":""rect"",""x"":787,""y"":1335,""width"":684,""height"":290}","{""name"":""knife""}"
0119a.png,6978310,"{}",2,0,"{""name"":""rect"",""x"":648,""y"":390,""width"":217,""height"":817}","{""name"":""knife""}"
0119a.png,6978310,"{}",2,1,"{""name"":""rect"",""x"":1199,""y"":663,""width"":532,""height"":978}","{""name"":""scissors""}"
0119b.png,7383076,"{}",2,0,"{""name"":""rect"",""x"":1184,""y"":659,""width"":502,""height"":974}","{""name"":""scissors""}"
0119b.png,7383076,"{}",2,1,"{""name"":""rect"",""x"":644,""y"":457,""width"":210,""height"":697}","{""name"":""knife""}"
0120a.png,6993360,"{}",2,0,"{""name"":""rect"",""x"":1278,""y"":648,""width"":483,""height"":940}","{""name"":""scissors""}"
0120a.png,6993360,"{}",2,1,"{""name"":""rect"",""x"":757,""y"":416,""width"":202,""height"":701}","{""name"":""knife""}"
0120b.png,7265100,"{}",2,0,"{""name"":""rect"",""x"":1304,""y"":626,""width"":446,""height"":948}","{""name"":""scissors""}"
0120b.png,7265100,"{}",2,1,"{""name"":""rect"",""x"":693,""y"":435,""width"":247,""height"":757}","{""name"":""knife""}"
0121a.png,6828542,"{}",2,0,"{""name"":""rect"",""x"":1079,""y"":869,""width"":607,""height"":1023}","{""name"":""scissors""}"
0121a.png,6828542,"{}",2,1,"{""name"":""rect"",""x"":562,""y"":408,""width"":318,""height"":880}","{""name"":""knife""}"
0121b.png,7134604,"{}",2,0,"{""name"":""rect"",""x"":1053,""y"":922,""width"":633,""height"":978}","{""name"":""scissors""}"
0121b.png,7134604,"{}",2,1,"{""name"":""rect"",""x"":510,""y"":438,""width"":262,""height"":858}","{""name"":""knife""}"
0122a.png,6817920,"{}",4,0,"{""name"":""rect"",""x"":682,""y"":457,""width"":352,""height"":790}","{""name"":""scissors""}"
0122a.png,6817920,"{}",4,1,"{""name"":""rect"",""x"":622,""y"":1278,""width"":322,""height"":772}","{""name"":""knife""}"
0122a.png,6817920,"{}",4,2,"{""name"":""rect"",""x"":1251,""y"":577,""width"":461,""height"":1053}","{""name"":""scissors""}"
0122a.png,6817920,"{}",4,3,"{""name"":""rect"",""x"":1791,""y"":1615,""width"":288,""height"":502}","{""name"":""scissors""}"
0122b.png,7148077,"{}",4,0,"{""name"":""rect"",""x"":1229,""y"":562,""width"":491,""height"":1027}","{""name"":""scissors""}"
0122b.png,7148077,"{}",4,1,"{""name"":""rect"",""x"":641,""y"":476,""width"":326,""height"":757}","{""name"":""scissors""}"
0122b.png,7148077,"{}",4,2,"{""name"":""rect"",""x"":573,""y"":1289,""width"":333,""height"":798}","{""name"":""knife""}"
0122b.png,7148077,"{}",4,3,"{""name"":""rect"",""x"":1892,""y"":1622,""width"":244,""height"":476}","{""name"":""scissors""}"
0123a.png,6878146,"{}",5,0,"{""name"":""rect"",""x"":929,""y"":1086,""width"":303,""height"":888}","{""name"":""knife""}"
0123a.png,6878146,"{}",5,1,"{""name"":""rect"",""x"":2031,""y"":472,""width"":157,""height"":813}","{""name"":""knife""}"
0123a.png,6878146,"{}",5,2,"{""name"":""rect"",""x"":1352,""y"":937,""width"":412,""height"":1060}","{""name"":""scissors""}"
0123a.png,6878146,"{}",5,3,"{""name"":""rect"",""x"":877,""y"":420,""width"":337,""height"":562}","{""name"":""scissors""}"
0123a.png,6878146,"{}",5,4,"{""name"":""rect"",""x"":1873,""y"":1315,""width"":326,""height"":697}","{""name"":""scissors""}"
0123b.png,7200401,"{}",5,0,"{""name"":""rect"",""x"":944,""y"":1075,""width"":288,""height"":892}","{""name"":""knife""}"
0123b.png,7200401,"{}",5,1,"{""name"":""rect"",""x"":2072,""y"":513,""width"":154,""height"":746}","{""name"":""knife""}"
0123b.png,7200401,"{}",5,2,"{""name"":""rect"",""x"":1926,""y"":1319,""width"":270,""height"":746}","{""name"":""scissors""}"
0123b.png,7200401,"{}",5,3,"{""name"":""rect"",""x"":1259,""y"":1004,""width"":536,""height"":978}","{""name"":""scissors""}"
0123b.png,7200401,"{}",5,4,"{""name"":""rect"",""x"":880,""y"":450,""width"":311,""height"":547}","{""name"":""scissors""}"
0124a.png,6798343,"{}",2,0,"{""name"":""rect"",""x"":682,""y"":689,""width"":371,""height"":1263}","{""name"":""knife""}"
0124a.png,6798343,"{}",2,1,"{""name"":""rect"",""x"":1307,""y"":914,""width"":461,""height"":1064}","{""name"":""scissors""}"
0124b.png,7138826,"{}",2,0,"{""name"":""rect"",""x"":629,""y"":663,""width"":438,""height"":1289}","{""name"":""knife""}"
0124b.png,7138826,"{}",2,1,"{""name"":""rect"",""x"":1300,""y"":877,""width"":536,""height"":1116}","{""name"":""scissors""}"
0125a.png,6966539,"{}",2,0,"{""name"":""rect"",""x"":1360,""y"":554,""width"":528,""height"":1109}","{""name"":""scissors""}"
0125a.png,6966539,"{}",2,1,"{""name"":""rect"",""x"":1896,""y"":629,""width"":292,""height"":1255}","{""name"":""knife""}"
0125b.png,7151127,"{}",2,0,"{""name"":""rect"",""x"":2004,""y"":607,""width"":303,""height"":1281}","{""name"":""knife""}"
0125b.png,7151127,"{}",2,1,"{""name"":""rect"",""x"":1439,""y"":539,""width"":487,""height"":1034}","{""name"":""scissors""}"
0126a.png,6791425,"{}",3,0,"{""name"":""rect"",""x"":1169,""y"":903,""width"":150,""height"":1060}","{""name"":""knife""}"
0126a.png,6791425,"{}",3,1,"{""name"":""rect"",""x"":1832,""y"":517,""width"":300,""height"":1266}","{""name"":""knife""}"
0126a.png,6791425,"{}",3,2,"{""name"":""rect"",""x"":461,""y"":839,""width"":386,""height"":1289}","{""name"":""knife""}"
0126b.png,7367633,"{}",3,0,"{""name"":""rect"",""x"":1120,""y"":862,""width"":191,""height"":1027}","{""name"":""knife""}"
0126b.png,7367633,"{}",3,1,"{""name"":""rect"",""x"":1911,""y"":539,""width"":210,""height"":1180}","{""name"":""knife""}"
0126b.png,7367633,"{}",3,2,"{""name"":""rect"",""x"":348,""y"":865,""width"":431,""height"":1266}","{""name"":""knife""}"
0127a.png,6035901,"{}",2,0,"{""name"":""rect"",""x"":845,""y"":869,""width"":293,""height"":963}","{""name"":""scissors""}"
0127a.png,6035901,"{}",2,1,"{""name"":""rect"",""x"":1283,""y"":916,""width"":286,""height"":859}","{""name"":""scissors""}"
0127b.png,5921551,"{}",2,0,"{""name"":""rect"",""x"":1164,""y"":916,""width"":255,""height"":881}","{""name"":""scissors""}"
0127b.png,5921551,"{}",2,1,"{""name"":""rect"",""x"":722,""y"":870,""width"":336,""height"":913}","{""name"":""scissors""}"
0128a.png,6532225,"{}",2,0,"{""name"":""rect"",""x"":1221,""y"":384,""width"":313,""height"":963}","{""name"":""scissors""}"
0128a.png,6532225,"{}",2,1,"{""name"":""rect"",""x"":797,""y"":1355,""width"":297,""height"":816}","{""name"":""scissors""}"
0128b.png,6682495,"{}",2,0,"{""name"":""rect"",""x"":1182,""y"":423,""width"":264,""height"":863}","{""name"":""scissors""}"
0128b.png,6682495,"{}",2,1,"{""name"":""rect"",""x"":723,""y"":1354,""width"":371,""height"":871}","{""name"":""scissors""}"
0129a.png,6807972,"{}",3,0,"{""name"":""rect"",""x"":1206,""y"":581,""width"":524,""height"":1038}","{""name"":""scissors""}"
0129a.png,6807972,"{}",3,1,"{""name"":""rect"",""x"":686,""y"":480,""width"":307,""height"":761}","{""name"":""scissors""}"
0129a.png,6807972,"{}",3,2,"{""name"":""rect"",""x"":611,""y"":1304,""width"":311,""height"":794}","{""name"":""knife""}"
0129b.png,7208693,"{}",3,0,"{""name"":""rect"",""x"":547,""y"":1289,""width"":285,""height"":813}","{""name"":""knife""}"
0129b.png,7208693,"{}",3,1,"{""name"":""rect"",""x"":1221,""y"":573,""width"":521,""height"":1015}","{""name"":""scissors""}"
0129b.png,7208693,"{}",3,2,"{""name"":""rect"",""x"":633,""y"":569,""width"":382,""height"":704}","{""name"":""scissors""}"
0130a.png,4069875,"{}",1,0,"{""name"":""rect"",""x"":1038,""y"":895,""width"":200,""height"":993}","{""name"":""knife""}"
0130b.png,4657865,"{}",1,0,"{""name"":""rect"",""x"":998,""y"":947,""width"":274,""height"":995}","{""name"":""knife""}"
0131a.png,3487466,"{}",2,0,"{""name"":""rect"",""x"":473,""y"":657,""width"":1000,""height"":227}","{""name"":""knife""}"
0131a.png,3487466,"{}",2,1,"{""name"":""rect"",""x"":1559,""y"":292,""width"":408,""height"":856}","{""name"":""scissors""}"
0131b.png,3573712,"{}",2,0,"{""name"":""rect"",""x"":1549,""y"":284,""width"":340,""height"":851}","{""name"":""scissors""}"
0131b.png,3573712,"{}",2,1,"{""name"":""rect"",""x"":470,""y"":583,""width"":942,""height"":390}","{""name"":""knife""}"
0132a.png,6165321,"{}",2,0,"{""name"":""rect"",""x"":498,""y"":1473,""width"":1112,""height"":762}","{""name"":""scissors""}"
0132a.png,6165321,"{}",2,1,"{""name"":""rect"",""x"":530,""y"":514,""width"":1156,""height"":787}","{""name"":""scissors""}"
0132b.png,6870947,"{}",2,0,"{""name"":""rect"",""x"":518,""y"":538,""width"":1254,""height"":699}","{""name"":""scissors""}"
0132b.png,6870947,"{}",2,1,"{""name"":""rect"",""x"":538,""y"":1511,""width"":1005,""height"":788}","{""name"":""scissors""}"
0133a.png,5682365,"{}",2,0,"{""name"":""rect"",""x"":934,""y"":236,""width"":728,""height"":979}","{""name"":""scissors""}"
0133a.png,5682365,"{}",2,1,"{""name"":""rect"",""x"":945,""y"":1242,""width"":652,""height"":1258}","{""name"":""scissors""}"
0133b.png,6516796,"{}",2,0,"{""name"":""rect"",""x"":932,""y"":222,""width"":655,""height"":1024}","{""name"":""scissors""}"
0133b.png,6516796,"{}",2,1,"{""name"":""rect"",""x"":873,""y"":1270,""width"":686,""height"":1190}","{""name"":""scissors""}"
0134a.png,5357392,"{}",2,0,"{""name"":""rect"",""x"":235,""y"":523,""width"":1327,""height"":546}","{""name"":""scissors""}"
0134a.png,5357392,"{}",2,1,"{""name"":""rect"",""x"":288,""y"":1485,""width"":1173,""height"":500}","{""name"":""scissors""}"
0134b.png,6595059,"{}",2,0,"{""name"":""rect"",""x"":350,""y"":521,""width"":1306,""height"":579}","{""name"":""scissors""}"
0134b.png,6595059,"{}",2,1,"{""name"":""rect"",""x"":361,""y"":1531,""width"":1162,""height"":474}","{""name"":""scissors""}"
0135a.png,5441639,"{}",2,0,"{""name"":""rect"",""x"":814,""y"":167,""width"":426,""height"":1078}","{""name"":""scissors""}"
0135a.png,5441639,"{}",2,1,"{""name"":""rect"",""x"":1190,""y"":1240,""width"":597,""height"":1256}","{""name"":""scissors""}"
0135b.png,6246639,"{}",2,0,"{""name"":""rect"",""x"":830,""y"":136,""width"":423,""height"":1106}","{""name"":""scissors""}"
0135b.png,6246639,"{}",2,1,"{""name"":""rect"",""x"":1218,""y"":1261,""width"":559,""height"":1203}","{""name"":""scissors""}"
0136a.png,5612877,"{}",2,0,"{""name"":""rect"",""x"":823,""y"":639,""width"":1115,""height"":425}","{""name"":""scissors""}"
0136a.png,5612877,"{}",2,1,"{""name"":""rect"",""x"":745,""y"":1466,""width"":1193,""height"":624}","{""name"":""scissors""}"
0136b.png,5871420,"{}",2,0,"{""name"":""rect"",""x"":668,""y"":1548,""width"":1104,""height"":581}","{""name"":""scissors""}"
0136b.png,5871420,"{}",2,1,"{""name"":""rect"",""x"":710,""y"":653,""width"":1021,""height"":440}","{""name"":""scissors""}"
0137a.png,5536331,"{}",2,0,"{""name"":""rect"",""x"":1327,""y"":261,""width"":587,""height"":1123}","{""name"":""scissors""}"
0137a.png,5536331,"{}",2,1,"{""name"":""rect"",""x"":613,""y"":1150,""width"":575,""height"":1346}","{""name"":""scissors""}"
0137b.png,6200191,"{}",2,0,"{""name"":""rect"",""x"":1162,""y"":245,""width"":601,""height"":1147}","{""name"":""scissors""}"
0137b.png,6200191,"{}",2,1,"{""name"":""rect"",""x"":459,""y"":1170,""width"":597,""height"":1218}","{""name"":""scissors""}"
0138a.png,5790586,"{}",2,0,"{""name"":""rect"",""x"":662,""y"":358,""width"":798,""height"":1215}","{""name"":""scissors""}"
0138a.png,5790586,"{}",2,1,"{""name"":""rect"",""x"":1397,""y"":1203,""width"":685,""height"":1113}","{""name"":""scissors""}"
0138b.png,6017891,"{}",2,0,"{""name"":""rect"",""x"":525,""y"":322,""width"":771,""height"":1223}","{""name"":""scissors""}"
0138b.png,6017891,"{}",2,1,"{""name"":""rect"",""x"":1250,""y"":1165,""width"":621,""height"":1165}","{""name"":""scissors""}"
0139a.png,6054217,"{}",2,0,"{""name"":""rect"",""x"":815,""y"":367,""width"":1014,""height"":831}","{""name"":""scissors""}"
0139a.png,6054217,"{}",2,1,"{""name"":""rect"",""x"":715,""y"":1410,""width"":1130,""height"":1030}","{""name"":""scissors""}"
0139b.png,6171512,"{}",2,0,"{""name"":""rect"",""x"":648,""y"":417,""width"":992,""height"":846}","{""name"":""scissors""}"
0139b.png,6171512,"{}",2,1,"{""name"":""rect"",""x"":575,""y"":1502,""width"":1053,""height"":927}","{""name"":""scissors""}"
0140a.png,5648385,"{}",2,0,"{""name"":""rect"",""x"":897,""y"":625,""width"":769,""height"":712}","{""name"":""scissors""}"
0140a.png,5648385,"{}",2,1,"{""name"":""rect"",""x"":950,""y"":1596,""width"":819,""height"":625}","{""name"":""scissors""}"
0140b.png,6824051,"{}",2,0,"{""name"":""rect"",""x"":941,""y"":641,""width"":809,""height"":678}","{""name"":""scissors""}"
0140b.png,6824051,"{}",2,1,"{""name"":""rect"",""x"":990,""y"":1647,""width"":834,""height"":571}","{""name"":""scissors""}"
0141a.png,5760902,"{}",2,0,"{""name"":""rect"",""x"":905,""y"":488,""width"":653,""height"":791}","{""name"":""scissors""}"
0141a.png,5760902,"{}",2,1,"{""name"":""rect"",""x"":939,""y"":1617,""width"":636,""height"":909}","{""name"":""scissors""}"
0141b.png,6766752,"{}",2,0,"{""name"":""rect"",""x"":827,""y"":429,""width"":669,""height"":827}","{""name"":""scissors""}"
0141b.png,6766752,"{}",2,1,"{""name"":""rect"",""x"":883,""y"":1629,""width"":600,""height"":840}","{""name"":""scissors""}"
0142a.png,5435652,"{}",2,0,"{""name"":""rect"",""x"":656,""y"":692,""width"":920,""height"":420}","{""name"":""scissors""}"
0142a.png,5435652,"{}",2,1,"{""name"":""rect"",""x"":712,""y"":1696,""width"":908,""height"":388}","{""name"":""scissors""}"
0142b.png,6771083,"{}",2,0,"{""name"":""rect"",""x"":708,""y"":737,""width"":909,""height"":374}","{""name"":""scissors""}"
0142b.png,6771083,"{}",2,1,"{""name"":""rect"",""x"":782,""y"":1728,""width"":856,""height"":337}","{""name"":""scissors""}"
0143a.png,5459457,"{}",2,0,"{""name"":""rect"",""x"":888,""y"":317,""width"":400,""height"":935}","{""name"":""scissors""}"
0143a.png,5459457,"{}",2,1,"{""name"":""rect"",""x"":1264,""y"":1458,""width"":353,""height"":919}","{""name"":""scissors""}"
0143b.png,6323649,"{}",2,0,"{""name"":""rect"",""x"":843,""y"":351,""width"":375,""height"":879}","{""name"":""scissors""}"
0143b.png,6323649,"{}",2,1,"{""name"":""rect"",""x"":1210,""y"":1408,""width"":379,""height"":976}","{""name"":""scissors""}"
0144a.png,5455084,"{}",2,0,"{""name"":""rect"",""x"":1095,""y"":602,""width"":610,""height"":699}","{""name"":""scissors""}"
0144a.png,5455084,"{}",2,1,"{""name"":""rect"",""x"":998,""y"":1523,""width"":804,""height"":626}","{""name"":""scissors""}"
0144b.png,6274341,"{}",2,0,"{""name"":""rect"",""x"":1138,""y"":619,""width"":591,""height"":647}","{""name"":""scissors""}"
0144b.png,6274341,"{}",2,1,"{""name"":""rect"",""x"":1030,""y"":1545,""width"":783,""height"":639}","{""name"":""scissors""}"
0145a.png,5262165,"{}",2,0,"{""name"":""rect"",""x"":987,""y"":393,""width"":647,""height"":901}","{""name"":""scissors""}"
0145a.png,5262165,"{}",2,1,"{""name"":""rect"",""x"":1110,""y"":1581,""width"":541,""height"":729}","{""name"":""scissors""}"
0145b.png,6685661,"{}",2,0,"{""name"":""rect"",""x"":1064,""y"":1559,""width"":586,""height"":759}","{""name"":""scissors""}"
0145b.png,6685661,"{}",2,1,"{""name"":""rect"",""x"":998,""y"":384,""width"":693,""height"":887}","{""name"":""scissors""}"
0146a.png,5264560,"{}",2,0,"{""name"":""rect"",""x"":885,""y"":599,""width"":698,""height"":421}","{""name"":""scissors""}"
0146a.png,5264560,"{}",2,1,"{""name"":""rect"",""x"":853,""y"":1528,""width"":881,""height"":492}","{""name"":""scissors""}"
0146b.png,6226740,"{}",2,0,"{""name"":""rect"",""x"":905,""y"":609,""width"":689,""height"":425}","{""name"":""scissors""}"
0146b.png,6226740,"{}",2,1,"{""name"":""rect"",""x"":926,""y"":1551,""width"":765,""height"":481}","{""name"":""scissors""}"
0147a.png,5181658,"{}",2,0,"{""name"":""rect"",""x"":870,""y"":333,""width"":391,""height"":893}","{""name"":""scissors""}"
0147a.png,5181658,"{}",2,1,"{""name"":""rect"",""x"":1261,""y"":1578,""width"":321,""height"":777}","{""name"":""scissors""}"
0147b.png,6277849,"{}",2,0,"{""name"":""rect"",""x"":803,""y"":293,""width"":380,""height"":878}","{""name"":""scissors""}"
0147b.png,6277849,"{}",2,1,"{""name"":""rect"",""x"":1171,""y"":1574,""width"":356,""height"":732}","{""name"":""scissors""}"
0148a.png,5443552,"{}",2,0,"{""name"":""rect"",""x"":718,""y"":455,""width"":949,""height"":888}","{""name"":""scissors""}"
0148a.png,5443552,"{}",2,1,"{""name"":""rect"",""x"":664,""y"":1594,""width"":919,""height"":602}","{""name"":""scissors""}"
0148b.png,6343609,"{}",2,0,"{""name"":""rect"",""x"":636,""y"":1627,""width"":970,""height"":592}","{""name"":""scissors""}"
0148b.png,6343609,"{}",2,1,"{""name"":""rect"",""x"":757,""y"":411,""width"":890,""height"":894}","{""name"":""scissors""}"
0149a.png,5740371,"{}",2,0,"{""name"":""rect"",""x"":1049,""y"":1344,""width"":676,""height"":1057}","{""name"":""scissors""}"
0149a.png,5740371,"{}",2,1,"{""name"":""rect"",""x"":1070,""y"":249,""width"":589,""height"":921}","{""name"":""scissors""}"
0149b.png,6060662,"{}",2,0,"{""name"":""rect"",""x"":935,""y"":319,""width"":569,""height"":896}","{""name"":""scissors""}"
0149b.png,6060662,"{}",2,1,"{""name"":""rect"",""x"":935,""y"":1367,""width"":713,""height"":1032}","{""name"":""scissors""}"
0150a.png,5216127,"{}",2,0,"{""name"":""rect"",""x"":785,""y"":409,""width"":1010,""height"":713}","{""name"":""scissors""}"
0150a.png,5216127,"{}",2,1,"{""name"":""rect"",""x"":853,""y"":1611,""width"":881,""height"":781}","{""name"":""scissors""}"
0150b.png,6791511,"{}",2,0,"{""name"":""rect"",""x"":811,""y"":426,""width"":1016,""height"":766}","{""name"":""scissors""}"
0150b.png,6791511,"{}",2,1,"{""name"":""rect"",""x"":864,""y"":1638,""width"":889,""height"":770}","{""name"":""scissors""}"
0151a.png,5421845,"{}",2,0,"{""name"":""rect"",""x"":1251,""y"":353,""width"":680,""height"":998}","{""name"":""scissors""}"
0151a.png,5421845,"{}",2,1,"{""name"":""rect"",""x"":835,""y"":1682,""width"":882,""height"":866}","{""name"":""scissors""}"
0151b.png,6331539,"{}",2,0,"{""name"":""rect"",""x"":1146,""y"":342,""width"":677,""height"":1071}","{""name"":""scissors""}"
0151b.png,6331539,"{}",2,1,"{""name"":""rect"",""x"":832,""y"":1672,""width"":800,""height"":792}","{""name"":""scissors""}"
0152a.png,5743639,"{}",2,0,"{""name"":""rect"",""x"":977,""y"":560,""width"":879,""height"":470}","{""name"":""scissors""}"
0152a.png,5743639,"{}",2,1,"{""name"":""rect"",""x"":998,""y"":1497,""width"":1022,""height"":499}","{""name"":""scissors""}"
0152b.png,6220139,"{}",2,0,"{""name"":""rect"",""x"":875,""y"":619,""width"":875,""height"":402}","{""name"":""scissors""}"
0152b.png,6220139,"{}",2,1,"{""name"":""rect"",""x"":871,""y"":1526,""width"":970,""height"":434}","{""name"":""scissors""}"
0153a.png,5167402,"{}",2,0,"{""name"":""rect"",""x"":823,""y"":423,""width"":419,""height"":1033}","{""name"":""scissors""}"
0153a.png,5167402,"{}",2,1,"{""name"":""rect"",""x"":1444,""y"":1410,""width"":362,""height"":949}","{""name"":""scissors""}"
0153b.png,6223334,"{}",2,0,"{""name"":""rect"",""x"":725,""y"":413,""width"":437,""height"":1111}","{""name"":""scissors""}"
0153b.png,6223334,"{}",2,1,"{""name"":""rect"",""x"":1357,""y"":1450,""width"":390,""height"":928}","{""name"":""scissors""}"
0154a.png,5851662,"{}",3,0,"{""name"":""rect"",""x"":782,""y"":302,""width"":914,""height"":487}","{""name"":""scissors""}"
0154a.png,5851662,"{}",3,1,"{""name"":""rect"",""x"":1693,""y"":302,""width"":476,""height"":508}","{""name"":""scissors""}"
0154a.png,5851662,"{}",3,2,"{""name"":""rect"",""x"":953,""y"":1001,""width"":1078,""height"":821}","{""name"":""scissors""}"
0154b.png,4841461,"{}",3,0,"{""name"":""rect"",""x"":393,""y"":340,""width"":937,""height"":516}","{""name"":""scissors""}"
0154b.png,4841461,"{}",3,1,"{""name"":""rect"",""x"":1337,""y"":316,""width"":407,""height"":519}","{""name"":""scissors""}"
0154b.png,4841461,"{}",3,2,"{""name"":""rect"",""x"":604,""y"":1039,""width"":1004,""height"":741}","{""name"":""scissors""}"
0155a.png,5382444,"{}",3,0,"{""name"":""rect"",""x"":564,""y"":797,""width"":1022,""height"":1622}","{""name"":""scissors""}"
0155a.png,5382444,"{}",3,1,"{""name"":""rect"",""x"":1636,""y"":1372,""width"":393,""height"":843}","{""name"":""scissors""}"
0155a.png,5382444,"{}",3,2,"{""name"":""rect"",""x"":1633,""y"":243,""width"":543,""height"":1029}","{""name"":""scissors""}"
0155b.png,5923037,"{}",3,0,"{""name"":""rect"",""x"":515,""y"":818,""width"":988,""height"":1624}","{""name"":""scissors""}"
0155b.png,5923037,"{}",3,1,"{""name"":""rect"",""x"":1556,""y"":1348,""width"":390,""height"":920}","{""name"":""scissors""}"
0155b.png,5923037,"{}",3,2,"{""name"":""rect"",""x"":1518,""y"":242,""width"":655,""height"":1056}","{""name"":""scissors""}"
0156a.png,5208101,"{}",3,0,"{""name"":""rect"",""x"":824,""y"":322,""width"":630,""height"":1715}","{""name"":""scissors""}"
0156a.png,5208101,"{}",3,1,"{""name"":""rect"",""x"":1524,""y"":1045,""width"":312,""height"":925}","{""name"":""scissors""}"
0156a.png,5208101,"{}",3,2,"{""name"":""rect"",""x"":1876,""y"":235,""width"":345,""height"":1320}","{""name"":""scissors""}"
0156b.png,5012361,"{}",3,0,"{""name"":""rect"",""x"":742,""y"":266,""width"":657,""height"":1796}","{""name"":""scissors""}"
0156b.png,5012361,"{}",3,1,"{""name"":""rect"",""x"":1428,""y"":1037,""width"":266,""height"":975}","{""name"":""scissors""}"
0156b.png,5012361,"{}",3,2,"{""name"":""rect"",""x"":1750,""y"":236,""width"":358,""height"":1340}","{""name"":""scissors""}"
0157a.png,5437373,"{}",3,0,"{""name"":""rect"",""x"":637,""y"":196,""width"":1049,""height"":1455}","{""name"":""scissors""}"
0157a.png,5437373,"{}",3,1,"{""name"":""rect"",""x"":1539,""y"":143,""width"":637,""height"":1203}","{""name"":""scissors""}"
0157a.png,5437373,"{}",3,2,"{""name"":""rect"",""x"":1640,""y"":1406,""width"":525,""height"":867}","{""name"":""scissors""}"
0157b.png,5645128,"{}",3,0,"{""name"":""rect"",""x"":591,""y"":192,""width"":1044,""height"":1482}","{""name"":""scissors""}"
0157b.png,5645128,"{}",3,1,"{""name"":""rect"",""x"":1500,""y"":199,""width"":584,""height"":1090}","{""name"":""scissors""}"
0157b.png,5645128,"{}",3,2,"{""name"":""rect"",""x"":1628,""y"":1432,""width"":452,""height"":823}","{""name"":""scissors""}"
0158a.png,4689732,"{}",3,0,"{""name"":""rect"",""x"":1061,""y"":71,""width"":1061,""height"":717}","{""name"":""scissors""}"
0158a.png,4689732,"{}",3,1,"{""name"":""rect"",""x"":752,""y"":898,""width"":975,""height"":517}","{""name"":""scissors""}"
0158a.png,4689732,"{}",3,2,"{""name"":""rect"",""x"":1632,""y"":1451,""width"":464,""height"":452}","{""name"":""scissors""}"
0158b.png,4697422,"{}",3,0,"{""name"":""rect"",""x"":534,""y"":846,""width"":1000,""height"":588}","{""name"":""scissors""}"
0158b.png,4697422,"{}",3,1,"{""name"":""rect"",""x"":1421,""y"":1458,""width"":537,""height"":427}","{""name"":""scissors""}"
0158b.png,4697422,"{}",3,2,"{""name"":""rect"",""x"":855,""y"":38,""width"":1138,""height"":764}","{""name"":""scissors""}"
0159a.png,5494943,"{}",3,0,"{""name"":""rect"",""x"":1408,""y"":86,""width"":838,""height"":1497}","{""name"":""scissors""}"
0159a.png,5494943,"{}",3,1,"{""name"":""rect"",""x"":756,""y"":232,""width"":706,""height"":830}","{""name"":""scissors""}"
0159a.png,5494943,"{}",3,2,"{""name"":""rect"",""x"":699,""y"":1187,""width"":805,""height"":1165}","{""name"":""scissors""}"
0159b.png,5619751,"{}",3,0,"{""name"":""rect"",""x"":710,""y"":209,""width"":576,""height"":867}","{""name"":""scissors""}"
0159b.png,5619751,"{}",3,1,"{""name"":""rect"",""x"":1324,""y"":112,""width"":767,""height"":1458}","{""name"":""scissors""}"
0159b.png,5619751,"{}",3,2,"{""name"":""rect"",""x"":576,""y"":1215,""width"":811,""height"":1167}","{""name"":""scissors""}"
0160a.png,4965094,"{}",3,0,"{""name"":""rect"",""x"":863,""y"":102,""width"":319,""height"":1024}","{""name"":""scissors""}"
0160a.png,4965094,"{}",3,1,"{""name"":""rect"",""x"":1256,""y"":678,""width"":402,""height"":1340}","{""name"":""scissors""}"
0160a.png,4965094,"{}",3,2,"{""name"":""rect"",""x"":1736,""y"":220,""width"":408,""height"":1717}","{""name"":""scissors""}"
0160b.png,4940536,"{}",3,0,"{""name"":""rect"",""x"":710,""y"":161,""width"":363,""height"":980}","{""name"":""scissors""}"
0160b.png,4940536,"{}",3,1,"{""name"":""rect"",""x"":1127,""y"":691,""width"":331,""height"":1375}","{""name"":""scissors""}"
0160b.png,4940536,"{}",3,2,"{""name"":""rect"",""x"":1587,""y"":186,""width"":437,""height"":1725}","{""name"":""scissors""}"
0161a.png,5269224,"{}",3,0,"{""name"":""rect"",""x"":875,""y"":115,""width"":553,""height"":743}","{""name"":""scissors""}"
0161a.png,5269224,"{}",3,1,"{""name"":""rect"",""x"":1401,""y"":105,""width"":651,""height"":905}","{""name"":""scissors""}"
0161a.png,5269224,"{}",3,2,"{""name"":""rect"",""x"":1388,""y"":829,""width"":783,""height"":1313}","{""name"":""scissors""}"
0161b.png,5618566,"{}",3,0,"{""name"":""rect"",""x"":705,""y"":107,""width"":633,""height"":830}","{""name"":""scissors""}"
0161b.png,5618566,"{}",3,1,"{""name"":""rect"",""x"":1295,""y"":89,""width"":680,""height"":980}","{""name"":""scissors""}"
0161b.png,5618566,"{}",3,2,"{""name"":""rect"",""x"":1281,""y"":837,""width"":859,""height"":1327}","{""name"":""scissors""}"
0162a.png,6008973,"{}",1,0,"{""name"":""rect"",""x"":997,""y"":394,""width"":294,""height"":842}","{""name"":""knife""}"
0162b.png,6750407,"{}",1,0,"{""name"":""rect"",""x"":870,""y"":448,""width"":316,""height"":817}","{""name"":""knife""}"
0163a.png,6134563,"{}",1,0,"{""name"":""rect"",""x"":862,""y"":1797,""width"":799,""height"":206}","{""name"":""knife""}"
0163b.png,6610379,"{}",2,0,"{""name"":""rect"",""x"":777,""y"":1797,""width"":809,""height"":211}","{""name"":""knife""}"
0163b.png,6610379,"{}",2,1,"{""name"":""rect"",""x"":846,""y"":1435,""width"":577,""height"":163}","{""name"":""knife""}"
0164a.png,6204870,"{}",3,0,"{""name"":""rect"",""x"":1009,""y"":627,""width"":950,""height"":248}","{""name"":""knife""}"
0164a.png,6204870,"{}",3,1,"{""name"":""rect"",""x"":1269,""y"":1627,""width"":662,""height"":311}","{""name"":""knife""}"
0164a.png,6204870,"{}",3,2,"{""name"":""rect"",""x"":745,""y"":1064,""width"":339,""height"":824}","{""name"":""scissors""}"
0164b.png,6081485,"{}",3,0,"{""name"":""rect"",""x"":590,""y"":1071,""width"":418,""height"":825}","{""name"":""scissors""}"
0164b.png,6081485,"{}",3,1,"{""name"":""rect"",""x"":1138,""y"":1669,""width"":649,""height"":270}","{""name"":""knife""}"
0164b.png,6081485,"{}",3,2,"{""name"":""rect"",""x"":891,""y"":614,""width"":895,""height"":246}","{""name"":""knife""}"
0165a.png,5150826,"{}",3,0,"{""name"":""rect"",""x"":952,""y"":562,""width"":278,""height"":856}","{""name"":""knife""}"
0165a.png,5150826,"{}",3,1,"{""name"":""rect"",""x"":1754,""y"":674,""width"":128,""height"":952}","{""name"":""knife""}"
0165a.png,5150826,"{}",3,2,"{""name"":""rect"",""x"":990,""y"":1629,""width"":834,""height"":323}","{""name"":""scissors""}"
0165b.png,5309326,"{}",3,0,"{""name"":""rect"",""x"":844,""y"":601,""width"":266,""height"":834}","{""name"":""knife""}"
0165b.png,5309326,"{}",3,1,"{""name"":""rect"",""x"":1643,""y"":673,""width"":133,""height"":957}","{""name"":""knife""}"
0165b.png,5309326,"{}",3,2,"{""name"":""rect"",""x"":933,""y"":1643,""width"":755,""height"":314}","{""name"":""scissors""}"
0166a.png,5753372,"{}",2,0,"{""name"":""rect"",""x"":1013,""y"":694,""width"":186,""height"":980}","{""name"":""knife""}"
0166a.png,5753372,"{}",2,1,"{""name"":""rect"",""x"":1715,""y"":843,""width"":312,""height"":783}","{""name"":""scissors""}"
0166b.png,5262268,"{}",2,0,"{""name"":""rect"",""x"":801,""y"":619,""width"":292,""height"":1118}","{""name"":""knife""}"
0166b.png,5262268,"{}",2,1,"{""name"":""rect"",""x"":1530,""y"":825,""width"":320,""height"":856}","{""name"":""scissors""}"
0167a.png,5833397,"{}",2,0,"{""name"":""rect"",""x"":998,""y"":1723,""width"":828,""height"":393}","{""name"":""scissors""}"
0167a.png,5833397,"{}",2,1,"{""name"":""rect"",""x"":854,""y"":786,""width"":1028,""height"":287}","{""name"":""knife""}"
0167b.png,6434324,"{}",2,0,"{""name"":""rect"",""x"":951,""y"":1695,""width"":805,""height"":409}","{""name"":""scissors""}"
0167b.png,6434324,"{}",2,1,"{""name"":""rect"",""x"":809,""y"":829,""width"":987,""height"":218}","{""name"":""knife""}"